Type,Name,Request Count,Failure Count,Median Response Time,Average Response Time,Min Response Time,Max Response Time,Average Content Size,Requests/s,Failures/s,50%,66%,75%,80%,90%,95%,98%,99%,99.9%,99.99%,100%
POST,/api/v1/auth/token,21,21,2010.3921000263654,2040.5214761904929,2010.3921000263654,2106.2564000021666,0.0,0.35291571336499844,0.35291571336499844,2000,2000,2100,2100,2100,2100,2100,2100,2100,2100,2100
GET,/api/v1/operating-rooms,37,37,2010.183199949097,2051.52455675164,2010.183199949097,2165.2474000002258,0.0,0.6218038759288068,0.6218038759288068,2000,2000,2100,2100,2100,2200,2200,2200,2200,2200,2200
GET,/api/v1/operating-rooms?skip=0&limit=5,36,36,2009.347599989269,2042.2547027798526,2009.347599989269,2134.1977000120096,0.0,0.6049983657685687,0.6049983657685687,2000,2000,2100,2100,2100,2100,2100,2100,2100,2100,2100
GET,/api/v1/surgery-types,42,42,2009.8907999927178,2039.6759285719045,2009.8907999927178,2176.5308000030927,0.0,0.7058314267299969,0.7058314267299969,2000,2000,2000,2000,2100,2100,2200,2200,2200,2200,2200
,Aggregated,136,136,2009.347599989269,2043.7126316169538,2009.347599989269,2176.5308000030927,0.0,2.2855493817923707,2.2855493817923707,2000,2000,2100,2100,2100,2100,2200,2200,2200,2200,2200
